id;macapdetai;tencapdetai;sudung
1;Way Dominican Republic;Bulgarian Lev navigate;23763
2;transmitter;Point Orchestrator;39882
3;bypassing optical;installation;18651
4;Refined Rubber Gloves Algerian Dinar Clothing;open-source turn-key;9617
5;Quality;synthesize Creative;13752
6;bricks-and-clicks Concrete Global;Fiji Dollar Profound Bacon;98216
7;Borders content-based;Tasty Customer Human;63310
8;B2B;Saint Helena Pound programming;85632
9;drive THX bypassing;Cheese Dynamic Home Loan Account;919
10;Unbranded invoice;clear-thinking;30536
