id;macoquan;tencoquan;noidung;tendaidien;sudung
1;schemas;Pound Sterling Keyboard;Licensed Usability models;Personal Loan Account markets;93272
2;EXE Rustic Steel Shirt drive;Ways Liaison engage;disintermediate Assistant generating;Practical Steel Shirt Plastic Movies;7535
3;New Taiwan Dollar Zimbabwe parse;Monaco input Accounts;enhance Multi-channelled purple;Response;60617
4;Synergized;calculate Fantastic Concrete Computer Baby;Kyrgyz Republic transmit;solution connecting;96797
5;Refined redundant;Granite Grocery;bluetooth payment digital;Rubber Industrial seamless;58991
6;mesh partnerships;array Luxembourg Spurs;empower Home Loan Account SMS;back-end Via indexing;76891
7;Practical Steel Chips;Berkshire concept;Illinois robust;Granite Rubber;15190
8;Metal deposit;Rupiah;Human Mission;Officer Savings Account Automated;82179
9;B2B;Chair Awesome;Kiribati;cyan innovative;50341
10;Lempira;Licensed;Credit Card Account Sleek;Sausages streamline Home;86830
