id;madutoan;tendutoan;noidung;sudung
1;Virginia;niches drive Ireland;strategic;95862
2;Car Generic compress;generate;action-items;91551
3;card Home Loan Account Applications;invoice Research;Bedfordshire 4th generation Equatorial Guinea;16201
4;backing up indexing;Savings Account extensible connect;robust;35154
5;supply-chains feed Investment Account;Centralized bypassing;Clothing Engineer Toys;10309
6;archive solid state;Soft Quality Mount;Awesome;95817
7;input invoice calculate;Philippine Peso parsing Triple-buffered;deposit Rand Namibia Dollar;5159
8;Argentine Peso Handcrafted Rubber Sausages Officer;Mississippi Product;Metal;73102
9;azure;Administrator;online program Refined Granite Gloves;52243
10;deposit payment one-to-one;Granite Unbranded;Greenland models streamline;57242
