id;mahocham;tenhocham;sudung
1;system-worthy portal;Belize Dollar Sudanese Pound real-time;29359
2;redundant;Synergistic Personal Loan Account Sleek;518
3;Auto Loan Account olive;Yen;79579
4;Human;Tools California;43847
5;Argentine Peso implementation;Wallis and Futuna;28654
6;Utah Computers Small Fresh Gloves;Brunei Darussalam interface;82786
7;composite Orchestrator Club;Intelligent Granite Shirt Peru deposit;72609
8;Strategist;card Licensed Cotton Ball;43352
9;bypass Ameliorated;Brand;83598
10;Saudi Riyal paradigms;Corporate;44235
