id;mota;noidung;noidung_content_type;thoigian
1;Operative Place;../fake-data/blob/hipster.png;image/png;2020-07-05
2;Slovenia synthesize capacitor;../fake-data/blob/hipster.png;image/png;2020-07-05
3;overriding;../fake-data/blob/hipster.png;image/png;2020-07-05
4;Dynamic;../fake-data/blob/hipster.png;image/png;2020-07-05
5;Functionality invoice streamline;../fake-data/blob/hipster.png;image/png;2020-07-05
6;Inlet yellow Shoes;../fake-data/blob/hipster.png;image/png;2020-07-04
7;Fiji;../fake-data/blob/hipster.png;image/png;2020-07-04
8;Data;../fake-data/blob/hipster.png;image/png;2020-07-05
9;Kansas Generic;../fake-data/blob/hipster.png;image/png;2020-07-04
10;morph Administrator bypassing;../fake-data/blob/hipster.png;image/png;2020-07-05
